﻿<?xml version="1.0" encoding="UTF-8" standalone="yes"?>
<addon id="repository.timefly.gitcode" name="timefly中文插件库@gitcode" version="1.0.1" provider-name="Tim">
	<requires>
		<import addon="xbmc.addon" version="12.0.0"/>
	</requires>
	<extension point="xbmc.addon.repository">
		<dir>
			<info compressed="true">https://gitcode.net/kodi/timefly/-/raw/master/addons.xml</info>
			<checksum>https://gitcode.net/kodi/timefly/-/raw/master/addons.xml.md5</checksum>
			<datadir zip="true">https://gitcode.net/kodi/timefly/-/raw/master/</datadir>
		</dir>
	</extension>
	<extension point="xbmc.addon.metadata">
		<summary>timefly repository @gitcode</summary>
		<summary lang="zh">timefly中文插件库@gitcode</summary>
		<description>Download and install add-ons from timefly repository.</description>
		<description lang="zh">从timefly中文插件库下载安装插件。</description>
		<disclaimer>Tim did not make all the add-ons on this repository and is not responsible for the content.</disclaimer>
		<disclaimer lang="zh">本插件库中的插件不完全由Tim开发，所有插件仅供测试与交流，下载后请及时删除，不得用作其他用途。</disclaimer>
		<platform>all</platform>
		<assets>
			<icon>icon.png</icon>
		</assets>
	</extension>
</addon>
